{"cameraMode":{"drawMode":0,"name":"Shaded","section":"Shading Mode"},"sceneLighting":true,"audioPlay":false,"sceneViewState":{"m_AlwaysRefresh":false,"showFog":true,"showSkybox":true,"showFlares":true,"showImageEffects":true,"showParticleSystems":true,"showVisualEffectGraphs":true,"m_FxEnabled":true},"in2DMode":false,"pivot":{"x":-0.7454870343208313,"y":4.632378101348877,"z":-4.152672290802002},"rotation":{"x":-0.42149215936660769,"y":-0.028014469891786577,"z":0.013030665926635266,"w":-0.9063098430633545},"size":1.0489892959594727,"orthographic":false}