{"cameraMode":{"drawMode":0,"name":"Shaded","section":"Shading Mode"},"sceneLighting":true,"audioPlay":false,"sceneViewState":{"m_AlwaysRefresh":false,"showFog":true,"showSkybox":true,"showFlares":true,"showImageEffects":true,"showParticleSystems":true,"showVisualEffectGraphs":true,"m_FxEnabled":true},"in2DMode":false,"pivot":{"x":-1.1662863492965699,"y":0.7893900275230408,"z":-0.3806198835372925},"rotation":{"x":0.15946684777736665,"y":0.40444913506507876,"z":-0.0718521848320961,"w":0.8976861238479614},"size":0.4510108232498169,"orthographic":false}