{"cameraMode":{"drawMode":0,"name":"Shaded","section":"Shading Mode"},"sceneLighting":true,"audioPlay":false,"sceneViewState":{"m_AlwaysRefresh":false,"showFog":true,"showSkybox":true,"showFlares":true,"showImageEffects":true,"showParticleSystems":true,"showVisualEffectGraphs":true,"m_FxEnabled":true},"in2DMode":false,"pivot":{"x":0.3827960193157196,"y":-0.20957422256469727,"z":0.7582308650016785},"rotation":{"x":-0.3072282671928406,"y":-0.014011524617671967,"z":0.004500311333686113,"w":-0.951533317565918},"size":1.0489892959594727,"orthographic":false}