{"cameraMode":{"drawMode":0,"name":"Shaded","section":"Shading Mode"},"sceneLighting":true,"audioPlay":false,"sceneViewState":{"m_AlwaysRefresh":false,"showFog":true,"showSkybox":true,"showFlares":true,"showImageEffects":true,"showParticleSystems":true,"showVisualEffectGraphs":true,"m_FxEnabled":true},"in2DMode":false,"pivot":{"x":3.6469082832336427,"y":1.807316780090332,"z":0.35104498267173769},"rotation":{"x":-0.27215149998664858,"y":0.623291552066803,"z":-0.24556560814380647,"w":-0.6907603144645691},"size":4.0489888191223148,"orthographic":false}