{"cameraMode":{"drawMode":0,"name":"Shaded","section":"Shading Mode"},"sceneLighting":true,"audioPlay":false,"sceneViewState":{"m_AlwaysRefresh":false,"showFog":true,"showSkybox":true,"showFlares":true,"showImageEffects":true,"showParticleSystems":true,"showVisualEffectGraphs":true,"m_FxEnabled":true},"in2DMode":false,"pivot":{"x":-0.3211086392402649,"y":0.8603742122650147,"z":0.5617543458938599},"rotation":{"x":0.019659435376524926,"y":0.9703729748725891,"z":-0.2254774123430252,"w":0.08462473750114441},"size":1.0489892959594727,"orthographic":false}